Nombre;Tamano;Tiempo
/home/prada/translatex_front/uploads/Apuntes.tex___;135402;35.19772958755493
/home/prada/translatex_front/uploads/Apuntes.tex__;144384;36.17132902145386
/home/prada/translatex_front/uploads/Apuntes.tex__;144384;35.930126905441284
/home/prada/translatex_front/uploads/formulario_t0_t1.tex_;10303;3.1579537391662598
/home/prada/translatex_front/uploads/formulario_t0_t1.tex_;10303;3.1264238357543945
/home/prada/translatex_front/uploads/formulario_t0_t1.tex_;10303;3.2111904621124268
/home/prada/translatex_front/uploads/Apuntes.tex____;144694;34.85387635231018
/home/prada/translatex_front/uploads/Modulos.tex_;38126;8.766496896743774
/home/prada/translatex_front/uploads/tema4.tex;57432;12.704903841018677
/home/prada/translatex_front/uploads/tema3_Modulos_revisados.tex;39814;9.131810188293457
